                  epoch,         train/box_loss,         train/cls_loss,         train/dfl_loss,   metrics/precision(B),      metrics/recall(B),       metrics/mAP50(B),    metrics/mAP50-95(B),           val/box_loss,           val/cls_loss,           val/dfl_loss,                 lr/pg0,                 lr/pg1,                 lr/pg2
                      1,                 4.2996,                 3.9505,                 4.4245,                0.00161,                0.04202,                0.00085,                 0.0002,                 4.1904,                 3.8165,                 4.1594,                  2e-05,                  2e-05,                  2e-05
                      2,                 4.3994,                 3.9501,                 4.4409,                0.00138,                0.03361,                0.00072,                0.00015,                  4.191,                 3.8164,                 4.1598,              4.812e-05,              4.812e-05,              4.812e-05
                      3,                 4.0972,                 3.8763,                 4.3976,                0.00134,                0.03361,                 0.0007,                0.00015,                 4.1917,                 3.8168,                 4.1603,               6.04e-05,               6.04e-05,               6.04e-05
                      4,                 4.5746,                 3.8579,                  4.386,                0.00138,                0.03361,                 0.0008,                0.00017,                 4.1924,                 3.8178,                 4.1608,              5.684e-05,              5.684e-05,              5.684e-05
                      5,                 4.2803,                 3.7293,                 4.3836,                0.00138,                0.03361,                0.00079,                0.00023,                 4.1932,                 3.8193,                 4.1614,              3.744e-05,              3.744e-05,              3.744e-05
